category,keyword_score,recommendation_score,completeness_score,groundedness_score,business_specificity_score,json_validity_score,retrieval_usefulness_score,unique_insight_ratio,avg_response_length,insight_count,judge_usefulness,judge_clarity,judge_correctness,judge_average,overall_score,enhanced_overall_score
correlation,0.08333333333333333,0.3854375,1.0,0.0729513626709148,0.453125,1.0,0.17915,1.0,13.7484375,3.5,3.34171875,4.458125,1.74484375,3.1815625,0.3854375,0.53079375
trend,0.16666666666666666,0.6042,1.0,0.031290040525936445,0.421875,1.0,0.11915,1.0,13.294271875,4.0,3.5959375,4.44375,1.5603125,3.20000625,0.450546875,0.52630625
segmentation,0.27777777777777773,0.39585,1.0,0.04166351211208949,0.453125,1.0,0.07861666666666667,1.0,13.415104166666666,3.4791666666666665,3.3451041666666668,4.447708333333334,1.5472916666666665,3.113369791666667,0.42882916666666665,0.5166395833333334
comparison,0.0,0.6042,1.0,0.031290040525936445,0.421875,1.0,0.08915,1.0,13.294271875,4.0,3.5959375,4.44375,1.51875,3.186146875,0.408884375,0.51141875
recommendation,0.01171875,0.6042,1.0,0.04581298706261855,0.359375,1.0,0.11665,1.0,14.4734375,4.0,3.5596875,4.4825,1.5334375,3.1918687500000003,0.41544843750000005,0.5059640625
pattern,0.0,0.6042,1.0,0.04581298706261855,0.359375,1.0,0.11665,1.0,14.4734375,4.0,3.5596875,4.4825,1.5334375,3.1918687500000003,0.41251875000000005,0.505378125
