model,keyword_score,recommendation_score,completeness_score,groundedness_score,business_specificity_score,json_validity_score,retrieval_usefulness_score,unique_insight_ratio,avg_response_length,insight_count,judge_usefulness,judge_clarity,judge_correctness,judge_average,overall_score,enhanced_overall_score
meta-llama/llama-3.1-8b-instruct,0.11979166666666666,0.50419,1.0,0.049417652415252346,0.428125,1.0,0.11524000000000001,1.0,14.04375,3.625,3.4869999999999997,4.468999999999999,1.59275,3.1829175,0.41835875,0.51964875
qwen/qwen-2.5-7b-instruct,0.11979166666666666,0.50419,1.0,0.045049986895010635,0.428125,1.0,0.11524000000000001,1.0,13.7979175,4.1,3.480125,4.4605,1.584875,3.1751750000000003,0.41726625000000006,0.51912125
mistralai/mistral-7b-instruct,0.11979166666666666,0.50419,1.0,0.05315152440552613,0.421875,1.0,0.11524000000000001,1.0,13.65125,3.625,3.4665,4.4565,1.5945,3.1724975,0.41929375,0.51817375
google/gemma-2-9b-it,0.11666666666666665,0.47919999999999996,1.0,0.04074575785134154,0.396875,1.0,0.11524000000000001,1.0,13.607499999999998,3.625,3.40225,4.45175,1.55225,3.1354075000000003,0.40916500000000006,0.50967125
