prompt_style,keyword_score,recommendation_score,completeness_score,groundedness_score,business_specificity_score,json_validity_score,retrieval_usefulness_score,unique_insight_ratio,avg_response_length,insight_count,judge_usefulness,judge_clarity,judge_correctness,judge_average,overall_score,enhanced_overall_score
basic,0.11666666666666665,0.5604425,1.0,0.04875213981126338,0.434375,1.0,0.11524000000000001,1.0,13.994375,3.75,3.5725000000000002,4.467375,1.597,3.2122900000000003,0.43148,0.524695
executive,0.11666666666666665,0.5604425,1.0,0.047614153732422795,0.434375,1.0,0.11524000000000001,1.0,13.881874999999999,3.75,3.568875,4.46325,1.594125,3.2087425000000005,0.43118625,0.52449875
structured_json,0.11666666666666665,0.5604425,1.0,0.04652220861714347,0.434375,1.0,0.11524000000000001,1.0,13.862916250000001,3.9875,3.56825,4.463125,1.59275,3.2080475,0.43091999999999997,0.52441625
evidence_constrained,0.12604166666666666,0.3104425,1.0,0.045476419406301004,0.371875,1.0,0.11524000000000001,1.0,13.36125125,3.4875,3.1262499999999998,4.444,1.5405000000000002,3.0369175000000004,0.37049750000000004,0.493005
